,index,Dst Port,Tot Bwd Pkts,Fwd IAT Std,Fwd PSH Flags,Fwd Header Len,Fwd Pkts/s,Bwd Pkts/s,Pkt Len Max,SYN Flag Cnt,Subflow Fwd Pkts,Subflow Bwd Pkts,Init Fwd Win Byts,Init Bwd Win Byts,Fwd Seg Size Min,Intrusion
0,44,80,5.776924076775321e-05,1.357116939269334e-06,0.0,5.490441786783538e-05,1.6637750000000002e-07,3.3275500000000004e-07,0.015083798882681562,0.0,9.68904621029106e-06,5.776924076775321e-05,0.41021728515625,0.00335693359375,0.5714285714285714,1.0
1,45,80,5.776924076775321e-05,1.3605671833940906e-06,0.0,5.490441786783538e-05,1.665275e-07,3.33055e-07,0.010273122284295468,0.0,9.68904621029106e-06,5.776924076775321e-05,0.41021728515625,0.00335693359375,0.5714285714285714,1.0
2,46,80,5.776924076775321e-05,1.3523728228479643e-06,0.0,5.490441786783538e-05,1.6656499999999998e-07,3.3313e-07,0.015083798882681562,0.0,9.68904621029106e-06,5.776924076775321e-05,0.41021728515625,0.00335693359375,0.5714285714285714,1.0
